reviews,food,price,place,service
"Despite being set in one of those large American style outdoor home centre  shopping malls, XS Espresso manages to maintain a funky vibe.",0,0,1,0
The other upside is that there is plenty of parking.,0,0,1,0
"Food is fresh and colourful, and yes, those freak shakes are as sweet and over the top as they appear on instagram.",1,0,0,0
My go to for açai bowls!,1,0,0,0
Much cheaper if you get it take away.,0,1,0,0
I like to get it without honey.,1,0,0,0
Lines can be long on the weekend so get in early or wait for a weekday!,0,0,0,-1
After a long awaited dining experience we decided to try XS as it was the talk of town for the past year.,0,0,0,0
We ordered breakfast meals for lunch and they were delicious.,1,0,0,0
"Of course, while you visit XS you have to try one of their shakes.",1,0,0,0
We ordered the one with a cronut and most of it seems like just a waste of food.,-1,0,0,0
"Mostly for decoration purposes rather than consumption, because sweetness is an understatement for how sweet the overall drink is.",-1,0,0,0
Did not see any customers finish any of their shakes at all.,-1,0,0,0
The shake is not the most appetizing.,-1,0,0,0
The shake itself is pretty to look at.,1,0,0,0
Customer service is basically nonexistent in this cafe as well.,0,0,0,-1
Desserts and drinks are good.,1,0,0,0
Other food is alright.,1,0,0,0
Services are quite bad.,0,0,0,-1
Staff just stood there chatting and ignored customers.,0,0,0,-1
"One waitress walked around, sipping a drink she made for herself while seating customers.",0,0,0,-1
I have never seen staff eating pastry while taking order behind counter elsewhere.,0,0,0,-1
The staff working at XS Espresso need a great deal of training in customer service.,0,0,0,-1
"Visited this place for dinner at a time when the cafe was not busy at all, and there were a few staff members waiting around with seemingly very little to do.",0,0,0,-1
The staff member who greeted us was unfriendly and seemed annoyed as if we were a complete inconvenience to her.,0,0,0,-1
"We were given the drinks menu and told the dinner menu would be given to us in a ""few minutes.""",0,0,0,-1
"This was fine, as we knew it was still early and they had just finished their lunch service for the day.",0,0,0,0
"However, 20 minutes went by and we still had not received the menus.",0,0,0,-1
"The waitress was too busy cleaning the floor for the entire time instead of attending to us, so we had to approach her to ask for the menus.",0,0,0,-1
"The food itself was fine (although there was no WOW factor), however the staff look so glum and uninviting that I won't be coming here again.",1,0,0,-1
"Your food and cutlery is dumped on the table, and no one bothers to check up on you to ask how your meal is.",0,0,0,-1
"Very poor customer service, this place is overhyped and would probably only appeal to those who come for an instagram snap.",0,0,-1,-1
The owner should probably consider hiring some new staff who actually look like they want to be there!,0,0,0,-1
I am a big fan of the desserts and coffee here.,1,0,0,0
If you are after something indulgent i am sure you will find something very filling and satisfying here,1,0,0,0
"Beware, the desserts are very over the top and sweet (but that is the fun of it).",1,0,0,0
"The savoury dishes I have tried, including the pizza and fries are OK but would more stick to the desserts.",1,0,0,0
"A small cafe far out in Wetherill Park, with indoor and outdoor seating, XS Espresso is a sleeping giant housing friendly staff and delicious food.",1,0,1,1
"XS has Breakfast, Lunch and Dinner menus ready and waiting!",1,0,0,0
We could not go past the amazing XS Shakes!,1,0,0,0
"They are famous and crazy overloaded with chocolate, ice cream, cookies and so much more!",1,0,0,0
The savoury food was well cooked and delivered on flavour.,1,0,0,0
"Highlights were the Chicken and Waffles, Pan Seared Atlantic Salmon and Nonna’s Seafood Pasta.",1,0,0,0
The sweet items are on another level!!,1,0,0,0
"We recommend the XS Stack, XS Ricotta Hotcake and Açai Bowls.",1,0,0,0
"The desserts were totally gorgeous, not overly sweet and very well balanced.",1,0,0,0
"Worth revisiting again and again, is only for their  overloaded shakes!",1,0,0,0
We ordered 2 acai bowls without honey and they were really yummy because I don't enjoy the banana overload that most acai bowls have.,1,0,0,0
Fruit was fresh also.,1,0,0,0
Food came out quick.,0,0,0,1
"However, the menu says they cost $12.50 each (eat-in) and we paid $14 each because they ""increased the price in their system.""",0,-1,0,0
Disappointing because they should change the price on their menu beforehand rather than have us wait in line and tell us when we reach the counter.,0,-1,0,0
We went on a Friday at 1.30pm not too busy and not hard to find parking.,0,0,1,0
I came here with high expectations.,0,0,0,0
"First of all, the decoration and atmosphere is cozy and nice.",0,0,1,0
Props to that.,0,0,0,0
"The service, not so much.",0,0,0,-1
How can you eat the dessert on top of a milkshake without a spoon?,0,0,0,-1
"I ordered the chocolate souffle shake (volcano?), and I regretted it after one sip.",-1,0,0,0
The souffle was already sickeningly sweet and adding to that with the nutella loaded shake just made it bad.,-1,0,0,0
I am disappointed.,0,0,0,0
Nothing special.,0,0,0,0
"I've been here a few times, although seems to be a local favourite.",0,0,0,0
"The ACAI bowl is very watery and WAY too sweet, go somewhere else if you are thinking of ordering this.",-1,0,0,0
"Other than that, the breakfast foods are nothing special, better to save your money and make it at home.",-1,0,0,0
"Their shakes are not that great either, even though they look amazing they just taste like milk.",-1,0,0,0
Overall this cafe is overrated and there's no WOW factor.,0,0,-1,0
We Had a terrible Experience Here.,0,0,0,0
It was Stuff Up After Stuff Up,0,0,0,0
XS Espresso is a funky cafe located at Wetherill Park and Parramatta.,0,0,0,0
Drinks need improvement.,-1,0,0,0
Fried chicken was nice.,1,0,0,0
"They serve breakfast until 4pm, monster shakes and a variety of desserts on the menu and in the window display cabinet.",0,0,0,0
The Wetherill Park cafe is small with seating inside and limited seating outside.,0,0,-1,0
"The days that I have gone past, it has been busy.",0,0,-1,0
You order and pay at the counter.,0,0,0,0
"Not ideal for parents with prams, high chairs are available.",0,0,-1,0
"We came for lunch and luckily being a Monday, we were quickly seated inside.",0,0,0,1
Some days you have to wait to be seated.,0,0,0,0
Staff seemed friendly.,0,0,0,1
We ordered to eat a Chicken and Waffle and Angry Bird Burger.,0,0,0,0
"To drink, we ordered an iced coffee and berry blast (cold pressed).",0,0,0,0
The food surprisingly came out first before the drinks.,0,0,0,-1
We did not have to wait too long for the food which is a good thing when you are dining with children.,0,0,0,1
It was a bit cramped with the high chair and I felt like we were seated too close to the next table as we could hear their conversation.,0,0,-1,0
The Chicken and waffle was something I've heard about but never tried yet intrigued to try.,0,0,0,0
"At first glance, I thought I ordered the wrong meal as I was expecting just chicken and waffle.",0,0,0,0
"There was a tower of salad, cream slaw and fried sweet potato strips on top of my fried buttermilk chicken and cinnamon waffle.",0,0,0,0
"It also came with cheese, maple bacon, and XS secret sauce.",0,0,0,0
It was well presented but was not sure where to start.,1,0,0,0
The slaw on its own was a bit too creamy for my liking.,-1,0,0,0
"When the salad was mixed properly together, it tasted nice as the fried sweet potato strips gave the salad some texture.",1,0,0,0
"The fried chicken was crispy, soft, juicy and tasty.",1,0,0,0
The maple bacon was crispy and was not bad.,1,0,0,0
The sauce was nice and spicy.,1,0,0,0
The cinnamon waffle was crispy and soft on the inside.,1,0,0,0
I think I prefer chicken and salad on its own and not with the waffles.,-1,0,0,0
"After a while, I was a bit over the sweet waffles.",-1,0,0,0
It was a nice combination at first.,1,0,0,0
"The Angry Bird burger came with fried buttermilk chicken, maple bacon, cheese, iceberg lettuce, tomato, jalapeno relish, and XS secret sauce.",0,0,0,0
It also came with a side of fries.,0,0,0,0
It tasted similar to the Chicken and Waffle.,0,0,0,0
The vegetables were fresh.,1,0,0,0
"The jalapeno relish was not very spicy, I like things spicy.",-1,0,0,0
The milk bun was soft.,1,0,0,0
The burger just messy to eat and there was way too much sauce.,-1,0,0,0
The burger was nice.,1,0,0,0
The fries was too salty.,-1,0,0,0
"The fries were cooked well, crispy on the outside and soft on the inside.",1,0,0,0
We had to tap off the salt on most pieces.,-1,0,0,0
The iced coffee looked yummy with the cream on top.,1,0,0,0
The white chocolate rim looked gross as there was a blob of chocolate on the side.,-1,0,0,0
It was disappointing.,0,0,0,0
It had no flavour.,-1,0,0,0
I only chose the cold pressed berry blast drink as the milkshakes would have been sickeningly sweet.,-1,0,0,0
The slice of orange on top was a turnoff.,-1,0,0,0
"It tasted nice with mixed berries, watermelon and orange.",1,0,0,0
I had to remove it as they either cut it early in the morning or the day before as the white part of the orange peel was shrivled up.,-1,0,0,0
Verdict: Come early for a seat or expect to wait.,0,0,0,-1
The fried buttermilk chicken was the standout part of our meals that we most enjoyed followed by the fries.,1,0,0,0
Came here especially to enjoy their freaky shake.,1,0,0,0
I came during brunch time on Saturday so they are pretty busy and I had to put my name in the waiting list.,0,0,0,-1
I ordered their original cronut shake.,0,0,0,0
The cronut shake is really good.,1,0,0,0
The shake itself is thick and full of flavour.,1,0,0,0
Sweet of course but not sickly sweet (what a relieve!).,1,0,0,0
The cronut is pretty good too.,1,0,0,0
The whole dessert looks epic and insta worthy.,1,0,0,0
"Not going to lie, went here solely to indulge in the original cronut shake so I can not comment on the proper brunch or savoury items.",0,0,0,0
"The cafe is quite lively and despite a lot of bad reviews on service, we didn't have much issues getting served.",0,0,1,1
"As for the shake, it is very rich and basically a sweetness overload.",1,0,0,0
"For remainder of the shake, I was not even halfway through it, and started to struggle.",-1,0,0,0
The cronut was yummy.,1,0,0,0
"Even for someone who has a major sweet tooth, it later it just became too sickening to even finish.",-1,0,0,0
The shake is pretty overrated for what it is.,-1,0,0,0
I recommend getting this instagramable shake as a one time cheat meal.,1,0,0,0
Recently came here because of all the hype surrounding the cafe.,0,0,0,0
Walked 15 minutes to reach the cafe to find the food was mediocre.,-1,0,0,0
We ordered three drinks one being warm ??,-1,0,0,0
Ordered another drink which was 15$ to have an average drink with kinder surprise and some fairy floss.,0,0,0,0
Honestly you could make the drink at home !!,-1,0,0,0
Personally the cafe was quite squishy.,0,0,1,0
Food here is not great.,-1,0,0,0
"Me and my friend ordered chicken nachos, chips with some sauce and Nutella pizza.",0,0,0,0
"Nachos were so dry, the sauce on the chips were cold and the chips weren’t hot at all, the Nutella pizza was okay just got sickening after eating too much.",-1,0,0,0
Acai bowl was quite delicious and actually satisfied my hungry brunch stomach more than I thought it would.,1,0,0,0
Came out super quick.,0,0,0,1
The salad was missing the halloumi (main reason why the dish was ordered) and replaced with potato gems.,-1,0,0,0
"When the waitress was advised about this, she stated that they had run out and proceeded to call the manager who never came.",0,0,0,-1
I personally would not pay that price for potato gems mixed through kale.,0,-1,0,0
The dish was also slow to come out.,0,0,0,-1
"Ambience: I have to say, the ambience was quite nice.",0,0,1,0
The ambience is nice enough for us to continue chatting away and totally forget about the halloumi ordeal.,0,0,1,0
So we got here and it was just starting to get busy.,0,0,0,-1
The music inside is quite loud so everyone is speaking louder which I found a little annoying.,0,0,-1,0
We ordered salad only.,0,0,0,0
We tried to order juice but they said they ran out.,0,0,0,0
We waited half an hour for the salad to come out.,0,0,0,-1
That is a long time.,0,0,0,-1
The place seemed disorganised.,0,0,-1,0
I saw some people behind the counter using gloves while others were snacking from the fruit bar.,0,0,0,-1
"Also some staff are coming out and hugging people, just looked so confusing.",0,0,0,-1
The desserts looked like they were coming out fast.,0,0,0,-1
Maybe order that if you decide to come.,0,0,0,0
My salad was the first one on their list.,0,0,0,0
"The corn chips tasted not nice, kinda too hard and there was quite a bit of raw onion that seemed to overpower everything else.",-1,0,0,0
Also they forgot to put dressing on my salad.,0,0,0,-1
My friend ordered the second one on the list.,0,0,0,0
They remembered dressing on his and it tasted much better.,1,0,0,0
I almost wanted to swap.,0,0,0,0
Anyway I did not enjoy the night at all and will not be back.,0,0,-1,0
That second salad was nice though so that's the positive.,1,0,0,0
Been here a few times and all times I have been disappointed with the food and service.,-1,0,0,-1
Interior and decoration is nice.,0,0,1,0
Not sure if I want to come back to try any other breakfast dishes .,-1,0,0,0
Ordered the Benedict and chose salmon.,0,0,0,0
The broccolini and spinach water soaked the bread and the result was a soggy bun.,-1,0,0,0
The coffee was great but I physically couldn't eat the burger / Benedict and gave it away.,1,0,0,0
I feel the Benedict is entirely a basic breakfast food and this really failed to live up to any expectations.,-1,0,0,0
The vibe was bustling but it was definitely a cafe where presentation meant more than food quality.,-1,0,1,0
Partner also had the Xs stack and his avocado was mostly a chunk and a little bit mashed ?,-1,0,0,0
Attention to detail was severely lacking .,-1,0,0,0
Recently I watched a YouTube video where the YouTuber said that Guylian Belgian drinks are better than Starbucks.,1,0,0,0
So I decided to try Guylian for the first time!,0,0,0,0
I ordered their chocolate shake.,0,0,0,0
"It was very sweet and tasty, however there wasn’t a wow factor.",1,0,0,0
I wish they had more of a drink selection.,-1,0,0,0
I feel like Starbucks has more of a selection so I would rather go to Starbucks than Guylian.....,-1,0,0,0
Coffees were good.,1,0,0,0
Hot chocolates were good.,1,0,0,0
Vanilla shake was good.,1,0,0,0
My napolean dessert was good.,1,0,0,0
There was however a very unfortunate smell that ruined much of the mood that seemed to come from the toilets which were right next door.,0,0,-1,0
"Service was friendly, but we were confused when we were served with empty cups and small steel pots with the hot beverages, i guess we werent used to it.",0,0,0,1
The dessert was quite tasty and I would probably have it again.,1,0,0,0
(7/10) Had an amazing Belgian chocolate milkshake that I could only hope for more of; went down in a matter of seconds!,1,0,0,0
"Would be great if it were just a dollar or two cheaper given this, and as good as the chocolate is, it is still no match for Lindt cafe shakes which are around the same price.",-1,0,-1,0
"Regardless, some quality milkshakes on offer.",1,0,0,0
The desserts unfortunately do not stand out to me.,-1,0,0,0
The desserts that are displayed on the front counter are quite pleasant.,1,0,0,0
"My favourite would be the white chocolate passion fruit one, but they all seem to have very similar textures and flavours.",1,0,0,0
"Me, a waffle fanatic, had to try out theirs.",0,0,0,0
To my surprise the star of the show here was the vanilla ice cream that came with it.,1,0,0,0
Never have I tried ice cream so creamy and rich with vanilla flavour.,1,0,0,0
The waffle lacked the soft fluffiness that I personally enjoy.,-1,0,0,0
The waffle itself was very crunchy in texture.,1,0,0,0
It was a nice experience but I probably would not come back if there were other dessert places around.,0,0,-1,0
Absolutely delicious desserts at Guylian Belgian Chocolate Cafe in Westfield Pitt Street Mall.,1,0,0,0
With many chocolate options on offer we went with the Iced Chocolate and the Belgian Waffles with Chocolate Drizzle and Vanilla Bean Ice Cream.,0,0,0,0
The Iced Chocolate was very similar tasting to what is on offer at Oliver Brown.,0,0,0,0
It was incredibly sweet but still very delicious.,1,0,0,0
The Belgian Waffles was a lightly toasted waffle served with milk chocolate and vanilla bean ice cream.,0,0,0,0
"The combination of the waffle, chocolate and ice cream instantly melted in your mouth.",1,0,0,0
The serving size was definitely enough for 2 people if you just want a bit of a taste.,1,0,0,0
I highly recommend the Guylian Belgian Chocolate Cafe at Westfield Pitt Street Mall if you are in the area.,0,0,1,0
Looking forward to trying some of their other options here and at other franchises.,0,0,0,0
There are not that many seats,0,0,-1,0
Ordered Guylian Creme Brulee Tart which was okay.,1,0,0,0
The chocolate was good and yummy and the hazelnut on top was good as well but for me it was an okay tart,1,0,0,0
"Guylian is well known for its chocolates, and over recent years Guylian cafes have been popping up in Australia serving up chocolate desserts and milkshakes and other delicious chocolatey goodness.",1,0,0,0
"We tried 3 different chocolate entrement cakes, a chocolate mousse cake, a black forest and a chocolate cheesecake.",0,0,0,0
The black forest was probably my favourite.,1,0,0,0
"The mousse cake was not bad, but it just was not anything spectacular.",-1,0,0,0
The chocolate cheesecake was extremely dense and way too rich for my liking.,-1,0,0,0
Honestly at $14 each the desserts were overpriced and underwhelming.,0,-1,0,0
There are definitely better desserts out there at more reasonable prices.,0,-1,0,0
Score is for the chai latte only.,1,0,0,0
"Sickly sweet, probably from a syrup.",-1,0,0,0
Also tried the apple crumble which was also too sweet.,-1,0,0,0
Very friendly service at the counter.,0,0,0,1
They have opened up where Happy Labs used to be and there is limited seating in the cafe but you can always sit in the common food court.,0,0,-1,0
There was only one cook and we had went in a group so probably that was overwhelming.,0,0,0,-1
But the place had seating for a lot lot more.,0,0,1,0
So this one is on the manager not the cook.,0,0,0,-1
The decoration is really nice though.,0,0,1,0
Very hipster.,0,0,0,0
There is outdoor and indoor seating available.,0,0,1,0
"Went to the Chatswood one, which has been closed down.",0,0,0,0
Great service and the food was amazing.,1,0,0,1
"I really enjoyed my time, and it’s really unfortunate that the Chatswood place has closed down.",0,0,0,0
Cockroaches everywhere.,0,0,-1,0
Dishes and CUPS aren’t clean.,0,0,-1,0
Food is average cafe food.,1,0,0,0
"One of the WORST cafés in Rhodes, thought I could never go wrong in this area, but I was proven wrong.",0,0,-1,0
"The avocado was the pasty type, which probably is not real avocado!",-1,0,0,0
I give it that the poached egg was good.,1,0,0,0
really disappointed with this place.,0,0,-1,0
Take away Piccolo only from this shop.,0,0,0,0
"I can taste they are light medium roasting, and it taste fine by me.",1,0,0,0
my preference is dark roast .,0,0,0,0
We had the Rhodes roll (broken omelette with maple bacon) and the Truffle mushroom for breakfast.,0,0,0,0
"The Rhodes roll was awesome, big serving with a side of sweet potato fries.",1,0,0,0
The Truffle mushroom was so so in taste only.,1,0,0,0
"They also serve a dark soul latte, essentially a black sesame latte.",0,0,0,0
"Glad more cafes are serving this drink, my favourite",0,0,1,0
Lid and Jar has the best Mocha in Rhodes!,1,0,0,0
They have got the combination of chocolate and coffee just right!,1,0,0,0
"However, $4 for a small one might be a little bit on the expensive side.",0,-1,0,0
I ordered for vegetarian French Toast which was good.,1,0,0,0
"It could have been better, but I really liked the presentation.",1,0,0,0
This cafe has really nice music and the staff is really nice.,0,0,1,1
"They have a decent variety for vegetarians and a good seating area, just a one minute walk from the station it is an expensive grab and go Cafe option!",1,-1,1,0
Some tasteless scrambled egg placed inside an uncrunchy croissant.,-1,0,0,0
"There was some cherry tomatoes, single slice of swiss cheese and smoked salmon.",0,0,0,0
"I do not think its worth the $12, nor did i come back to this cafe.",0,-1,0,0
"From memory, their service was not exactly friendly.",0,0,0,-1
I’m pretty sure I saw the staff pour a can of sprite into the cup to go for their ‘lemonade’.,-1,0,0,0
"Anyway, they are one of the convenient places open relatively late in the area so I guess you don’t have much of a choice if you’re after dessert later in the night.",0,0,1,0
"The honey macadamia cheese cake was fairly decent, and they have a fair few other cheesecake options as well.",1,0,0,0
Staff mentioned the cookies and cream would be a good choice.,1,0,0,0
This is one of the few establishments on the block that is open past 10pm on a Saturday night.,0,0,1,0
And this is despite the Pokemon collecting crowds that have recently descended on Rhodes and are occupying the parks and waterfront.,0,0,0,0
"We had a matcha green tea latte, hot chocolate and cronut.",0,0,0,0
The friendliest of staff in not so busy locale.,0,0,0,1
A great place to watch the world go by  on an overcast and dreary day.,0,0,1,0
Lid and Jar has an edgy steam punk industrial style in its decoration.,0,0,1,0
It is very spacious with its cavernous ceiling very few tables.,0,0,1,0
"The food was great, affordable, and the servings were perfect (for people who find they can never finish their food).",1,1,0,1
"Service was fast, and the friendliness was like that made you feel at home.",0,0,0,1
Coffee was exceptional.,1,0,0,0
Definitely a must try when you are next in Rhodes.,0,0,1,0
I ordered a takeaway iced mocha which tasted very dilute.,-1,0,0,0
"Upon finishing I noticed the cup was half-filled with ice, which is disappointing.",-1,0,0,0
Your average brunch place that serves up good coffee and food.,1,0,0,0
"Food and coffee service was fast, water and cutlery is self serve.",0,0,0,1
I have had better fritters at other cafés but these were still tasty.,1,0,0,0
"Had breakfast this morning with friends, ordered the mushroom dish which came with a black hair on the toast.",-1,0,0,0
The meal was promptly replaced by staff but I did not love he flavors on the plate.,0,0,0,-1
Bit bland and the watercress looked rather sad!,-1,0,0,0
Coffee was ok and the nutella cronut was nice.,1,0,0,0
Sorry but i do not want to see all the unorganised and unorderly cafe stuff and amenities.,0,0,-1,0
Uncomfortable seating arrangements.,0,0,-1,0
Cute cafe.,0,0,1,0
"Staff were friendly, coffee good but not great, food was ok.",1,0,0,1
But salty.,-1,0,0,0
"I wanted to try the French toast, but I ended up getting the eggs Benedict instead with a cup of mocha.",0,0,0,0
The food came not long after my coffee arrived.,0,0,0,0
The meal looked encouraging as the presentation was very nice with its caviar sprinkles and purple flower garnish.,1,0,0,0
It tasted ok.,1,0,0,0
"I will still come back, but I will probably go for the French toast next time",0,0,0,0
Nice place to go for casual cafe food.,0,0,1,0
Most of the food is cooked prior and reheated on a hot plate.,-1,0,0,0
I would much prefer freshly cooked food.,-1,0,0,0
It tastes good.,1,0,0,0
"Always great coffee with fantastic service with a smile, breakfast also really good with a lot of options and always changing probably the best breakfast in Rhodes, definitely worth a try close to the station",1,0,0,1
Lid and Jar is a nice place to go for some good quality brunch and coffee.,1,0,1,0
Staff were very friendly and the interior of this place also looks really modern and clean.,0,0,1,1
"I used to go to the one in Chatswood, but luckily found Lid and Jar in Rhodes as well!!",0,0,1,0
It is just 1 minute from Rhodes station.,0,0,1,0
I had been here many many times!!,0,0,0,0
I ordered Croissant with Salmon and Avo dish so far.,0,0,0,0
Those were tasty and amazing.,1,0,0,0
"The Croissant is very soft and delicious, Veggie, fruit and Salmon were fresh and yummy!",1,0,0,0
Ordered Watermelon salad as well.,0,0,0,0
I have never tried ham and cheese with Watermelon but found those were good match:),1,0,0,0
"Always lovely staff are welcoming, like them and the chilled ambience.",0,0,1,1
"About coffee, I think the barista has been changed several times.",0,0,0,0
I like the coffee 4-5 months ago than now.,-1,0,0,0
It used to be stronger and tasty tbh.,-1,0,0,0
And I liked the cute latte art before they did.,-1,0,0,0
"This place holds a special place in my heart for personal reasons, it is cute like a button and has comfortable booths you can snug in for hours with a beautiful Italian coffee and lovely retro feel.",1,0,1,0
"I love the cakes there, particularly the lemon meringue tart which is storeys high",1,0,0,0
A bit on the pricey side but open till late in charming surroundings.,0,-1,1,0
I just ordered these after a great meal in another place.,0,0,0,0
"These are toblerone cheesecake, tiramisu and a long black.",0,0,0,0
Long black came exactly like that.,0,0,0,0
Imagine the taste.,0,0,0,0
"Just had a sip absolutely, awful.",-1,0,0,0
"Ok they might have a bad quality of coffee what about sweets, toblerone cheesecake has no toblerone at all, on the other hand they used cheap chocolate.",-1,0,0,0
Tiramisu was dry and the worst which I ever in my life.,-1,0,0,0
"The Rocks Cafe is an amazing combination of Amazing Italian food, friendly staff and reasonably priced Comfort food at a great location.",1,1,1,1
"Just do what the street from the Opera House, there is outside seating.",0,0,1,0
"We had the Fish and Chips, King prawn and chorizo risotto, Napolitano Spaghetti and Chicken and Mushrooms with spaghetti.",0,0,0,0
Every dish was delicious and so fresh.,1,0,0,0
We had the cheesecake of the day with a serve of vanilla ice cream and 3 home made lemon and mint iced tea.,0,0,0,0
Highly recommend the tea as it was really refreshing.,1,0,0,0
The vanilla ice cream was rich in texture and was packed with vanilla beans which was visible.,1,0,0,0
The cheesecake was a bit too eggy for my liking.,-1,0,0,0
"The cheesecake itself was nice, creamy and smooth.",1,0,0,0
"Although it is pricy, ~$35 for small portions, it was worth it due to the great customer service, location and ambience.",0,-1,1,1
"Great food, well prepared and served with a friendly smile from our waitress.",1,0,0,1
A welcome change from the overpriced Sydney restaurants providing mediocre food.,-1,-1,0,0
Took more than 30 mins for a simple order to arrive of burger.,0,0,0,-1
Once it arrived the brioche bun was not fresh and the burger dry.,-1,0,0,0
The fries were mediocre.,-1,0,0,0
Service was slow.,0,0,0,-1
Whilst visiting from interstate we dined here on Saturday morning for breakfast before heading to The Rocks market.,0,0,0,0
I enjoyed the ham and cheese croissant and hubby enjoyed avocado on toast.,1,0,0,0
Both meals were tasty and our female server was very friendly and welcoming.,1,0,0,1
We sat outside which was nice.,0,0,1,0
A great little place for breakfast.,0,0,1,0
Went here for lunch after arriving in Sydney.,0,0,0,0
We sat outside but not know the sun.,0,0,1,0
The service was not ok. We needed to clarify our order as it was not written down correctly.,0,0,0,-1
We had the rocks burger and the omelette.,0,0,0,0
I would have liked my pattie to be more cooked as it was quite pink inside.,-1,0,0,0
I felt it was a little overpriced for what it was.,0,-1,0,0
"My female server was an absolute delight, she was extremely open and friendly which made me feel very welcomed.",0,0,0,1
"The cakes are lovely, go for the tiramisu.",1,0,0,0
"LOVE the Homemade lemon and mint ice tea, do recommend that.",1,0,0,0
Very attentive and courteous staff who not only look after you but know their menu and happy to assist in choice.,0,0,0,1
Very enjoyable experience and food top grade.,1,0,1,0
A must visit when in the rocks,0,0,1,0
"Came here for a quick lunch, to grab a couple of burgers and cokes.",0,0,0,0
I asked for my burger with salad instead of chips and they were happy to oblige.,0,0,0,1
Service was alright and the food was okay.,1,0,0,1
Nothing exciting but it was lovely sitting outside in the sun!,0,0,1,0
"Nestled in the heart of the Rocks this place caters for all appetites, from a coffee and cake to a full meal.",0,0,0,0
"We have been on three occasions now and have never been disappointed, the range of desserts is a standout.",1,0,0,0
Staff were friendly.,0,0,0,1
Fruit toast was burnt.,-1,0,0,0
Tried the kangaroo Burger here!,0,0,0,0
"Came with chips as well but for the price, was not too worth it.",0,-1,0,0
At least I got try try kangaroo while in Australia though!,0,0,0,0
However the service is great and is situated near the Harbour area!,0,0,1,1
Service is so slow and bad.,0,0,0,-1
Serving people who is here later and getting their coffees and meals much earlier than you is not simply unacceptable.,0,0,0,-1
"Later we found out they forgot our order but instead of admitting it, they lied and said the kitchen is busy.",0,0,0,-1
Everyone who came after us had already eaten and left and we are still here waiting!,0,0,0,-1
So been here twice.,0,0,0,0
I have noticed that the staff do not listen to what you say.,0,0,0,-1
Lemon meringue pie will come to your table with the top off.,-1,0,0,0
Been there a few times! It is a nice place for an outing.,0,0,1,0
And when I told the manager he changed it right away and got me another drink.,0,0,0,1
Really friendly staff and their food is really good...,1,0,0,1
"I came here following a lead from last year Sydney Aroma Festival booklet that mentioned The Rocks Café use signature, premium coffee beans.",0,0,0,0
They were also finalists in last years event so I had to give them a shot.,0,0,0,0
"I must say the coffee was amazing, it is been a long time since I have had a strong Piccolo Latte that was not over extracted, bitter, lukewarm or using last week stale beans.",1,0,0,0
"I rated this coffee amongst my all time top 10, bear in mind this includes the heavy weights such as the one I had at the Piazza San Marco in Venice.",0,0,0,0
"Anyway, back to The Rocks Café, I also decided to try their delicious Apple Crumble which that was filled with fresh crunchy apples and the exact mix of cinnamon.",1,0,0,0
"My partner also had a skim latte (which is rather difficult to ensure it remains creamy) and a Blueberry Cheesecake, again, well done.",1,0,0,0
Great desserts and coffee!,1,0,0,0
"I came here with a group of around 12 people, we were desperate for some post dinner dessert and despite its small capacity, the staff were incredibly welcoming and accommodating.",0,0,0,1
Enjoyed this place!,0,0,1,0
Great staff and service.,0,0,0,1
"Weather was dicey,  and they said we could sit outside and they would move us in if it rained,  which they did.",0,0,0,1
"Had the kangaroo burger which was tasty,  and my fiance had the all day breakie,  which was great!",1,0,0,0
"The desserts were all on display in a case by the door and looked amazing,  so we had some.",1,0,0,0
Excellent blueberry cheesecake!,1,0,0,0
"Yes,  a bit pricey,  but we expected that.",0,-1,0,0
Love this spot so much!,0,0,1,0
"Great vibes, lovely service!",0,0,1,1
"Food is okay, and perhaps smaller portions than some inner west cafe but all in all, would totally recommend!",1,0,0,0
Suggest you call to book where poss!,0,0,0,0
Thank you waterfront cafe,0,0,0,0
"My family have been frequent visitors to Waterfront for the past three years, always seeming to fall more and more in love with the place with each visit.",0,0,1,0
"The past two meals, however, have not been so great.",-1,0,0,0
the battered fish a chewy and oily mess. ,-1,0,0,0
the squid was inedible as it was so overcooked,-1,0,0,0
prawn cutlets seemed a little off.,-1,0,0,0
A lemon wedge was not even put on my plate!,0,0,0,-1
Not sure if it's pure mid week laziness or if the quality has dropped as the popularity has risen.,-1,0,0,-1
awesome place,0,0,1,0
amazing food,1,0,0,0
friendly environment,0,0,1,0
"beautiful flowers and lovely smell of the candles and reliable cost of food, wanna buy some more candles in my next visit.",0,0,1,0
"loved the nature, sorroundings and enjoyed the live music on sunday. ",0,0,1,0
caring attitude of each and every staff.,0,0,0,1
the cocktails were amazing.,1,0,0,0
Gorgeous water front Italian restaurant.,0,0,1,0
We were lucky to score a table by the sea.,0,0,0,0
"Fortunately we were given blankets because the seating, although undercover, was outside and freezing cold.",0,0,0,1
"There was live music, mostly 80/90 Aus rock, which was fantastic, many people got up to dance by the stage.",0,0,1,0
"We had pizza, prawn linguine and calamari.",0,0,0,0
"As well as a flourless chocolate cake, Tiramisu and crème brûlée.",0,0,0,0
"The food service was speedy, our meals came within 10 minutes.",0,0,0,1
The pizzas were fabulous (which was expected at an Italian restaurant) as was the pasta.,1,0,0,0
"The desserts were amazing, could not get enough of the Tiramisu!",1,0,0,0
the only thing I was picky about was the music which was way too loud.,0,0,-1,0
With a stunning view and brilliant food ,1,0,1,0
I understand that a lot of the people were there to enjoy the tunes but we were there for a social family dinner which was deemed impossible unless you felt like yelling to the person next to you.,0,0,-1,0
Definitely will come back.,0,0,0,0
I sat in the salty subtle sea spray on my 1999 tinny.,0,0,0,0
I braved the ocean canal and my spiritual soul landed at the waterfront restaurant.,0,0,0,0
The waves rocked off my tinny as I embarked on an astonishing 5 meter walk to the restaurant entrance.,0,0,0,0
The location of dining was full of love making couple and an occasional family embracing the true spirit of Italia cuisine in Sydney's mid-north east.,0,0,1,0
"Just after good Friday, I hoed into a palatable morsel inspired by Jesus himself.",0,0,0,0
"Bless my soul, my holy soul!",0,0,0,0
I had the 'Risotto Nero' a squid ink based risotto that captured the true essence of why I live: splendid food.,1,0,0,0
It was the best risotto I have consumed.,1,0,0,0
I guzzled down a short water and then flowed into dessert mode.,0,0,0,0
"I ordered three dishes from the outlet of the lord: tiramisu, ricotta and pear tart and a lemon tart.",0,0,0,0
All were unique and fascinated my mind with their simpler yet complex form combined with subtlety.,0,0,0,0
Before I hopped on my tinny I embraced the local general store.,0,0,0,0
"Unfortunately, prices were unmarked and made up on the spot like a dog enforcing the law.",0,-1,0,0
I was ripped on an Easter egg for AUS$3.,0,-1,0,0
What a sin!,0,0,0,0
"Overall, it was a strapping restaurant and I will be returning in the near future to indulge myself again.",0,0,0,0
The location is obviously great!,0,0,1,0
But we had a great time at dinner.,0,0,0,0
The food was great!,1,0,0,0
The host was very friendly and the wait staff were attentive.,0,0,0,1
Will definitely visit again.,0,0,0,0
I came here with my sister.,0,0,0,0
"My sited came before had fresh prawns and said they where to die for,",1,0,0,0
We shared white sangria which was a little bland and not much flavour!,-1,0,0,0
"We also had a share plate for two, over all was nice the out standing part was the oysters and arancini was the stand outs.",1,0,0,0
The squid was a little blend would of been after with just salt and pepper and where a little soggy.,-1,0,0,0
The prawns where chewy,-1,0,0,0
When u ask for a desert menu the bring over all these sample cakes to chose from it is very confronting,0,0,0,-1
"Awesome waterfront view, just happened there was a bushfire in distance, at the time we were there.",0,0,1,0
"pasta and risotto were very oily, struggled to finish off the dish.",-1,0,0,0
Tasty food,1,0,0,0
Most of the main course food were pretty pricy.,0,-1,0,0
"Friendly staff, good location, felt like a small getaway, quite isolated from Sydney hustle and bustle.",0,0,1,1
And they have live music on certain day of the week.,0,0,0,0
"Great view, but that was about it.",0,0,1,0
Knowing it was Father's Day I figured that they were pretty busy and so I could understand the lengthy wait for either seats or meals ordered.,0,0,0,-1
The waitress advised that there were seats available but we would have to wait for over an hour for a meal as there were a lot of people already waiting.,0,0,0,-1
But if we wanted sandwiches or pies we can get it straight away.,0,0,0,0
I wanted to order a meat pie and a sausage roll but we were told by another lady it was also an hour wait to heat them up.,0,0,0,-1
So we just ordered two sandwiches which to be honest they did not seem that fresh.,-1,0,0,0
My partner sandwich looked like it was a day old,-1,0,0,0
But to be frank I was not satisfied and I went in and got a snickers bar.,0,0,0,0
I would like to try some of their cooked meals and see how it goes but at this time I was not totally impressed.,-1,0,0,0
Extremely disappointing.,0,0,0,0
Mothers Day is busy for hospitality but that is no excuse for the staff being rude.,0,0,0,-1
"Half an hour wait for our reservation, an hour to get our coffees and an hour and a half to get our food, all to be told that they needed is to leave as soon as finished as they needed the table.",0,0,0,-1
What a waste of a great location.,0,0,1,0
Looking for a place for a soft drink/light snack.,0,0,0,0
"We'd had meals there before which were very nice, but we sat outside on one of the tables with an umbrella looking across the water to Scotland Island.",0,0,0,0
Went in and ordered 4 sausage rolls and 3 soft drinks.,0,0,0,0
"Were advised that there was a ""on the deck"" surcharge of $2.",0,0,0,0
"I think someone there has seen an opportunity to screw more money out of their customers, it is their loss because we would not be going back there.",0,-1,0,0
So watch out if you want to sit outside!,0,0,0,0
"What a great spot for a Sunday arvo, beautiful view, chill out atmosphere and great food.",1,0,1,0
"The Osso Buco Alla Milanese is just delicious, highly recommended",1,0,0,0
Such a waste of a great location.,0,0,0,0
"The Waterfront Cafe is woefully mismanaged, and it shows in the appalling lack of staff morale, the greedy way the tables are jammed in, and often the complete inability to accept a reservation, take an order or deliver a meal.",0,0,0,-1
Utterly hopeless,0,0,0,0
We had a beautiful dinner here.,0,0,0,0
Maitre de was very welcoming and funny and made our experience even more relaxing.,0,0,0,0
The location perfect and food delicious.,1,0,1,0
The serving sizes were generous and we would definitely return.,1,0,0,0
I have eaten at many cafes in Australia and around the world and I can honestly say that the big breakfast at Church Point is the BEST I have ever had.,1,0,0,0
The coffee is great the service polite and the staff are not 10 year old's that can not hold a conversation if you desire one.,1,0,0,1
As for the owner she could be everyone's grandmother.,0,0,0,-1
Just a great start to the day.,0,0,0,0
Busy and delightful restaurant.,0,0,0,0
This cafe is one of the most beautiful places I have been to in Sydney.,0,0,1,0
I happened to have lunch there on a busy Sunday afternoon which meant the restaurant was full for the entire duration of the lunch.,0,0,0,0
I will absolutely go again and love the restaurant.,0,0,0,0
"Despite the restaurant being full, I waited a reasonable time for the meals which were delicious once they arrived and the floor staff were attentive and doing their best to accomodate us although they were very busy.",1,0,0,1
Beer cheaper than small soft drink.,0,1,0,0
Poor rude service on mothers day.,0,0,0,-1
One of the biggest days for cafe's and restaurants and the staff and service was horrible.,0,0,0,-1
"the customer is always rite policy definitely doesn't apply for this place, if you wish to be rushed and rudley/ forcefully presented with your main meals then this is the place for you.",0,0,0,-1
my mother just wanted a nice mothersday at this lovely little cafe and it was rudley refused.,0,0,0,0
"everything was fine untill our mains came, we hadnt even gotten through half our entrees and our table of 5 was still full of plates.",0,0,0,-1
3 of their waitresses brought out the mains without seeing if we were ready for them and forced us to remove all the entrée s on our own accord.,0,0,0,-1
"we told the staff that we were still eating our entrees and could you please wait untill we are ready, there response was we are busy and cant take the food back to the kitchen, we asked them to clear the table first and they then rudley accepted for myself to clear it for them and pass them the plates of empty food as they handed me the mains for me to place them down myself.",0,0,0,-1
I have never been to a place that charges 30-40 for an entree and expects their customers to remove the plates and put down the mains them selves.,0,-1,0,-1
my mothers other half then had to ask for fresh cutlery to eat with for the mains and the response from the waitress was said with such an attitude like she didnt want to be there she said ( just wait a minute) without a polite word in her vocabulary.,0,0,0,-1
"he then had enough and yelled out where the f is the manager, the owner then came to the table and we asked if she wanted to know the problem and she rudley refused to find out the problem and asked us to leave.",0,0,0,-1
"she walked of in a hurry and came back with the main meals money, as she pased the money she said you's can now leave.",0,0,0,-1
we happily left to place this review.,0,0,0,0
"such a nice little cafe yet such rude service, if the owner reads this I strongly recommend that you get your staff some professional training in serving your customers as many people say the same thing.",0,0,1,0
"Great location, not so great staff or food.",0,0,1,0
I love this place.,0,0,0,0
Have loved it since I was a kid and was so excited when I saw someone put some love into the place and give it a new lease of life.,1,0,0,0
"For a wihle the food, staff and environment were fantastic",1,0,1,1
The place is now jam-packed with chairs trying to earn every single $ possible.,0,-1,0,0
So hard to get in and out that we decided not to go back and order cakes and coffees after our meals.,0,0,0,0
Food was quite good - when it eventually came.,0,0,0,0
My partner ordered eggs with a side of bacon.,0,0,0,0
"The bacon went to another table and when we asked about it, it was our fault.",0,0,0,-1
He finally got this after he'd finished his meal.,0,0,0,-1
We decided we wouldnt go back there again despite living just around the corner from it.,0,0,0,0
I'd be prepared to pay a little more and have some space and good service.,0,0,-1,-1
Why the horrible attitude?.,0,0,0,-1
Such rude staff including the chef.,0,0,0,-1
Everything seemed to be a problem.,-1,-1,-1,-1
"I have given this place quite a few opportunities, but they just never cease to disappoint.",0,0,0,0
"The food is incredibly overpriced, but I can take that.",0,-1,0,0
"The food is never consistent, sometimes its good and sometimes its average, I can take that.",1,0,0,0
"But what I can't take is the incredibly rude attitude of the staff, including all the young servers.",0,0,0,-1
Its just such a disappointment as this place has so much potential to be great.,0,0,0,0
The location in and of itself.,0,0,1,0
A friend mentioned to me that this place over the years just can't get it right when it comes to service.,0,0,0,-1
Disappointing all round.,-1,-1,-1,-1
People just remember your patrons matter.,0,0,0,0
I liked that the Tearooms had a variety of savoury and sweet pastries.,1,0,0,0
The setting of the table was very pretty and the tea selection was great too.,1,0,1,0
We were in the area so stopped for lunch.,0,0,0,0
The garden was beautiful.,0,0,1,0
We were not a fan of the decor inside the tea house.,0,0,-1,0
Most of the patrons were having high tea but we were time short so opted for a burger and the chicken salad.,0,0,0,0
Overall food was ok but overpriced (guess we were paying for the view).,1,-1,1,0
Ingredients were definitely very fresh and seemed to have been grown at the vaucluse house garden.,1,0,0,0
I came here yesterday afternoon for high tea.,0,0,0,0
The location is really stunning and idyllic.,0,0,1,0
We were seated promptly even though we didn't have a reservation.,0,0,0,1
The high tea looked impressive.,1,0,0,0
But the savoury options were so so and the cakes were a bit too sweet for my liking and not as amazing as I expected them to be.,-1,0,0,0
The standout however were the scones and clotted cream.,1,0,0,0
The service at the beginning was very attentive.,0,0,0,1
However it took a long time to catch the attention of the waitstaff to pay the bill.,0,0,0,-1
"Had high tea on a wednesday afternoon, the place was quite hidden but very pretty.",0,0,1,0
"Ordered the high tea set and we got some pastries, sparkling wine and tea and/or coffee.",1,0,0,0
The high tea was accompanied with good music which was very relaxing.,1,0,0,0
A very good place to escape the busy city of sydney.,0,0,1,0
Location was 100/100.,0,0,1,0
The savoury pastries were mostly good.,1,0,0,0
The scones was also pretty good.,1,0,0,0
However the sweet pastries on the very bottom are all very sweet.,-1,0,0,0
The sweet pastries could be improved much better.,-1,0,0,0
We went here for high tea.,0,0,0,0
I have been to a few in Europe.,0,0,0,0
The selection of cakes and sandwiches was very poor.,-1,0,0,0
Sausage rolls might be something Australians likes but it does NOT belong on the tea tray!,0,0,0,0
The chicken spread on white bread was served in a lump and tasteless.,-1,0,0,0
The mini pie was nice.,1,0,0,0
No little patisseries only dry pieces of cakes and merengue.,-1,0,0,0
My friends from Sweden and I was very disappointed.,0,0,0,0
Nice ambience when the weather is lovely.,0,0,1,0
Menu choices is not extensive but alright and bonus with kids choice too.,0,0,0,0
Nothing much to complain about this place and I would recommend for high tea that starts at 12pm-3pm,0,0,0,0
This is a gorgeous place to enjoy high tea in gorgeous surrounds without the fuss or pretentiousness of other establishments.,0,0,1,0
"Vaucluse House Tea rooms eschews vintage, feminine sheike.",0,0,1,0
"The food is wonderful, with the elderflower cheesecake doughnuts with strawberry sugar being particularly scrumptious.",1,0,0,0
"While the tea selection isn't as impressive as other venues, the service, food and location more than make up for it however with the high tea service is unlimited.",1,0,1,1
The Vaucluse House Tearooms also offer wine and French Champagne if you're feeling the need to whet the whistle.,0,0,0,0
Overall the Tearoom proves simplicity and quality make for a delightful venue.,0,0,1,0
Well worth a look if you need to treat yourself to some old worldly charm.,0,0,0,0
"Such a lovely house and a wonderful, traditional high tea!",0,0,1,0
Potentially one of the best high tea experiences I've had in Sydney.,1,0,0,0
I especially enjoyed the scones.,1,0,0,0
"Drop in this Tearooms with my family after visiting Vaucluse House, the famous ""High Tea"" was sold out.",1,0,0,0
"Staffs made mistakes on our simple order of coffee, chip and kid lunch.",0,0,0,-1
"After an hour wait and an order enquiry, we got a pack of juice, another order enquiry 10 mins later got us two coffees.",0,0,0,-1
We decided to leave this nice tearooms with a hungry family.,0,0,0,0
"Nice settings and good menu, but the food never turns up.",-1,0,1,0
Worst High Tea Experience Ever!,-1,0,0,0
"Bring your own food if you got kids with you to this tearooms, the services was totally unacceptable.",0,0,0,-1
"Great place for friends gather, food is not bad, services is nice.",0,0,0,1
The environment is just great!,1,0,1,0
Highly recommended for especially girls talks!,0,0,0,0
Went there on a quiet day for dessert.,0,0,0,0
"It is a pretty tea house inside the park, nice and relaxed atmosphere.",0,0,1,0
It was also lovely to stroll around the area after meal.,0,0,1,0
"The dessert was fantastic,  tasty,  fresh (they used ingredients from what they grow in their garden).",1,0,0,0
"Just felt like those freshly home-made dessert,  loved it!",1,0,0,0
"We used the table on the balcony,  that was a really small table and the food came in big plates, so that was a bit of struggle to fit all the plates in it.",0,0,-1,0
"Otherwise,  everything else was good,  the waitress was friendly too.",0,0,0,1
"I didn't say anything at the time and we all ordered a variety of food, coffee and tea and it was a lovely setting and food was average standard.",0,0,1,0
waiters attitude which really irked me.,0,0,0,-1
"I've been to a lot of cafes, tea rooms, restaurants etc, around Australia and the world and normally a simple thing such as sharing a plate of food is seen as acceptable, not my cup of tea",0,0,0,0
reminded me of the Seinfeld episode with the Soup Nazi ,0,0,0,0
Had a great high tea experience yesterday here after taking a tour of the Vaucluse house.,1,0,0,0
We showed up more than an hour early for the booking we had made and the staff were very accommodating and got us seated quickly.,0,0,0,1
Pretty great setting out on the patio in the shade on a hot day.,0,0,1,0
We really enjoyed the foot brought out.,1,0,0,0
"I thought that the sandwiches were ok, but the rest of the savory and sweet offerings was really good.",1,0,0,0
Would definitely recommend.,0,0,0,0
Old school.,0,0,0,0
Sometimes it's not just about the food.,0,0,0,0
"Sometimes it's about a perfect Sydney day, blue skies and green lawns stretching into the distance.",0,0,1,0
"Cream tea on the terrace, old fashioned china and vintage style.",0,0,0,0
"If any of that strikes a chord, then Vaucluse House Tearooms, a Sydney institution since the 1940s, could be just the place for you.",0,0,0,0
I brought my mum here as a birthday treat and it was perfect.,0,0,0,0
"We ordered the Devonshire tea, $16 per head for a generous serving of scones with jam and cream and bottomless tea, and luxuriated in the old fashioned charm of the tea rooms.",0,0,0,0
As it was such a lovely day we sat on the terrace.,0,0,0,0
"On a colder day, the indoor tea rooms would be great, with their banquette seating or bentwood chairs, and expansive views onto Vaucluse Park.",0,0,1,0
"If you do decide to come to the tearooms, Vaucluse House itself is well worth a visit ",0,0,0,0
"it really gives a sense of early Australia, the story of the Wentworth family is fascinating, and the rambling rooms are gorgeously furnished.",0,0,1,0
I saw the reviews were mixed on these tearooms.,0,0,0,0
"Our experience was very good, the service was friendly and efficient, the scones were perfect for the place ",1,0,0,1
"although next time I would ask that they not be heated, as they do it in a microwave which is kind of an abominable way to treat a scone really.",0,0,0,0
"But all up, a wonderful experience, and somewhere that really has a strong sense of place and olden Sydney.",0,0,1,0
Came here for high tea.,0,0,0,0
Lovely setting.,0,0,1,0
Staff were very attentive.,0,0,0,1
Majority of high tea treats were delicious.,1,0,0,0
A bit more cream for the scones wouldn't go astray.,-1,0,0,0
Great value at $49 each which includes a glass of sparkling.,0,1,0,0
I would recommend this high tea to friends.,0,0,0,0
Went for high tea with my boyfriend and this is probably the worst high tea I'd been too.,-1,0,0,0
The food wasn't very good.,1,0,0,0
The desserts were worse.,-1,0,0,0
Everything looked nice but was bland and horrible.,-1,0,0,0
One good thing about the high tea was the unlimited amount of tea you could refill.,1,0,0,0
You could try all the flavours and they have a wide range of tea selection which was really good!,1,0,0,0
I only tried like 3 and they were all nice.,1,0,0,0
The location was nice and we got to explore the historic area afterward which was good.,0,0,1,0
But yeah it was $50 a head soooooooo not worth it.,0,-1,0,0
Went from bad to worse.....,0,0,0,0
Recently went to a kitchen tea at vaucluse house.,0,0,0,0
Beautiful location but that was the only thing that was nice.,0,0,1,0
Service was bad but the food served was even worse.,-1,0,0,-1
A child was given separate food to the adults and it was boring and burnt!,-1,0,0,0
how hard is it to make plain pasta with just melted cheese on it?,0,0,0,0
The adults were served ravioli and they were disgusting as there was no sauce and raw so you couldn't even get it down your throat.,-1,0,0,0
Definitely won't be going back and won't be recommending this place to anyone.,0,0,0,0
not enough staff for busy establishment,0,0,0,-1
staff were rushed of there feet,0,0,0,-1
Service was pretentious and not pleasant ,0,0,0,-1
Coffee weak no flavour little marinette,-1,0,0,0
Fish snapper dish tasted funny,-1,0,0,0
Vegetable serving ungenerous though nice the better part of the menu,-1,0,0,0
What a disappointment!!.,0,0,0,0
Food really average and the service worse...,-1,0,0,-1
"It started so promisingly, beautiful weather, very warm reception when we arrived and were seated.",0,0,0,1
The high tea was was so ordinary and unenjoyable - we left most of it and ordered an entree to eat.,-1,0,0,0
That was after we finally managed to get a staff members attention.,0,0,0,0
Not easy to do.,0,0,0,0
It arrived but without cutlery and it took 15 mins to get the attention of another staff member.,-1,0,0,-1
By this time the entree was cold and also unenjoyable.,-1,0,0,0
Would not have been so bad if the tea house had been super busy!!,0,0,0,-1
Surprisingly a good cafe to get some burgers but they are not just good for burgers they have healthy choices and also great smoothies.,1,0,0,0
Worth a visit if you are in the area.,0,0,0,0
What a cool place.,0,0,1,0
"Not only that but the food is tasty, the coffee was excellent and the staff are super friendly.",1,0,0,1
I had three middle eastern breakfast board which was sufficiently plentiful.,1,0,0,0
"A few different items on the board to provide variety and when compiled altogether, an excellent flavour combination.",1,0,0,0
There are quite a few things on the menu.,0,0,0,0
So lots of choice.,0,0,0,0
From your typical items to things with a little flair.,0,0,0,1
The pastries on the counter also looked delightful.,1,0,0,0
The cafe is in a convenient location with easy access to parking.,0,0,1,0
"Indoor and outdoor seating but I imagine if every table was occupied, it would feel quite full as the tables are close to each other.",0,0,-1,0
The staff are really friendly and will have a chat like they’ve known you for ages.,0,0,0,1
It’s such a nice feel.,0,0,0,0
"Will definitely come back here, especially for the coffee.",0,0,0,0
"Whether you’re in the mood for breakfast or brunch, bar biscotti is honestly the place to be at.",0,0,0,0
Complement your feed with a side of their freshly made juice and your meal is good to go 😍👌🏽,1,0,0,0
My absolute favorite cafe...,0,0,0,0
"The staff there are all so welcoming they make you feel like family... the food is also very lovely, never been disappointed..",1,0,0,1
Nothing but love,0,0,0,0
"Menu is great unfortunately, SERVICE IS SLOW!!!!!",1,0,0,-1
"SO HARD TO GET SOMEONE TO TAKE OUR ORDER because the servers keep on chatting to their ""favorite customers"".",0,0,0,-1
They simply ignored us!,0,0,0,0
"If you want to enjoy your meal here, better be a favorite of the crew!",0,0,0,0
If you know me you know how picky I am with food.,0,0,0,0
After hearing from several different people about ‘ bar biscoti ‘ it was time to give it a try .,0,0,0,0
"Nothing gives me more anxiety then trying to find parking , circling the block 50 times before finding a car spot 3 kms up the road , but that wasn’t the case here !!",0,0,-1,0
"Prime parking in a car park directly across the road no more than 30m away , It was already a win for me !",0,0,1,0
"Sat down and greeted by the friendly staff , I ordered a double shot flat white with almond milk .",0,0,0,1
Temperature was spot on and coffee was how it should be .,1,0,0,0
Ordered a kale breakfast bowl and organic Bircher muesli .,0,0,0,0
"Kale breakfast bowl was the best I have had , kale , broccoli poached eggs and added smoked salmon .",1,0,0,0
Perfect healthy meal to start the day .,1,0,0,0
"The organic Bircher muesli , the seasonal fruit was fresh and crisp , crunchy Bircher muesli and tasty yoghurt .",1,0,0,0
Deffinetly the best I have had in a long time .,0,0,0,0
This will deffinetly be my new weekend breakfast spot in the area as it lived up to the hype .,0,0,0,0
Thanks guys and see yas again soon !,0,0,0,0
A lovely local place to have brunch!,0,0,0,0
Decided to come here for a post workout meal.,0,0,0,0
The menu is extensive enough to give me options but it’s not overwhelming.,0,0,0,0
"The dishes all sound so wholesome, and you would expect to see a lot of the classic brunch dishes on this menu.",1,0,0,0
"I ended up getting the kale breakfast bowl and for $17, it was very satisfying and I felt full afterwards!",1,1,0,0
"All the ingredients were very fresh and tasty, I enjoyed every bite out of it.",1,0,0,0
Poached eggs on point.,1,0,0,0
"It was a really beautiful day and wanted to sit outside, but it all the tables were occupied.",0,0,-1,0
"Nevertheless, the ambiance inside this cafe was very open and welcoming.",0,0,1,0
Will come back for more!,0,0,0,0
Now.,0,0,0,0
What makes a good eggs benedict is two things.,0,0,0,0
Runny yolk.,0,0,0,0
Nice hollandaise sauce.,0,0,0,0
"Oh my god, literally said that as i cut into the egg.",0,0,0,0
Very disappointed.,0,0,0,0
Over cooked as hell.,-1,0,0,0
"Cmon, is it that hard to time the eggs?",0,0,0,0
I didnt think there was enough hollandaise sauce too.,-1,0,0,0
Taste wise was good though.,1,0,0,0
"Call me nitpicky, but overcooked yolks pretty much kills the dish.",-1,0,0,0
Lots of fried bacon.,0,0,0,0
"And another thing, i requested smoked salmon.",0,0,0,0
They got my order wrong.,0,0,0,-1
Say what?,0,0,0,0
Friend had the trio rice with spatchcock and cucumber yoghurt.,0,0,0,0
He said it was okay.,0,0,0,0
Large hot chocolate included.,0,0,0,0
Service was good.,0,0,0,1
Location was bad.,0,0,-1,0
Might i add that i came with a groupon voucher.,0,0,0,0
"If i paid normally, i wouldnt be very happy sadly.",0,-1,0,0
Dont recommend.,0,0,0,0
Love the atmosphere.,0,0,1,0
I like sitting inside because outside can get a little dusty.,0,0,1,0
"Really friendly staff, fresh and yummy food.",1,0,0,1
Health conscious menu not only pretty to look at but also very tasty.,1,0,0,0
We ordered the big biscotti and breakfast plate which seemed quite similar but they were both delicious with generous servings.,1,0,0,0
Coffee was superb!,1,0,0,0
"The breakfast board was quite underwhelming, had to order a couple sides in order to feel full.",-1,0,0,0
"Service was great and really welcoming, food was average.",0,0,0,1
The coffee on the other hand was great 👌🏼 would recommend for light eaters and coffee lovers ☕️,1,0,0,0
"Came here for lunch on Sunday arvo, ordered  coffee and bruschetta.",0,0,0,0
"Took ages for the food to come out, and when it finally did, it was cold.",-1,0,0,-1
"Brushetta was served on godforsaken ""crispy tortilla"", which wasn't crispy at all and absolutely soaked in oil.",-1,0,0,0
"Main palate of the dish was just onions; with fragrant olive oil and basil, the very characteristics of bruschetta, nowhere to be seen.",-1,0,0,0
"Oh, and nothing was done correctly with this dish, including the poached eggs, which rubbery and overcooked.",-1,0,0,0
"The worse part was the manager ""Mona"" who refused to make any acknowledgement of the fault and snapped that it was their ""signature dish"".",0,0,0,-1
PLEASE NEVER EAT HERE.,0,0,0,0
"After an early morning visit to Flemington market, it's nice to be able to pull up a stool at the open window counter at the nearby Bar Biscotti to bask in the morning sun and enjoy a coffee by a bearded barista.",0,0,1,0
We had a great lunch here (salt and pepper calamari) with terrific service.,1,0,0,-1
The coffee was fantastic too ... only thing I found odd ... they don't serve Biscotti.,1,0,0,0
Would recommend here equally for a catch up with friends or working lunch.,0,0,0,0
"These guys are a great bunch, not only did they help direct me to another competing cafe but they also made a damn good skim cappuccino to get me through the sydney traffic.",1,0,0,1
Interior design was very cool.,0,0,1,0
Will return to try the food.,0,0,0,0
Yummy food and large portions.,1,0,0,0
Great styling with a lot of the old factory/industrial feel maintained.,0,0,1,0
Will definitely be going back for more of the breakfast options!,0,0,0,0
Chef knows what he is doing here.,0,0,0,0
Had the special of spatchcock.,0,0,0,0
"Now whilst the bird wasn't huge, the accompanying salad and yoghurt and all that went in it made it delicious.",1,0,0,0
Friend ordered a chicken dish.,0,0,0,0
Said it was very moist.,1,0,0,0
Coffee could use a little improvement though.,-1,0,0,0
Very weak.,0,0,0,0
Will return for the food.,0,0,0,0
"Food is good but like the rest of the reviews, the service is terrible.",1,0,0,-1
Twice I've been here and the service was slower each time.,0,0,0,-1
My arms gets pretty tired from waving to get the attention of the waiters.,0,0,0,-1
Perhaps the management should bring some basic school rules and confiscate their mobile phones so they can concentrate on serving their customers.,0,0,0,-1
The breakfast is great here and staff are very friendly.,1,0,0,1
"I ordered the Big Biscotti(=big breakfast), serving is in good portion with variaty type of food.",1,0,0,0
mom has the salsa bruschetta.,0,0,0,0
i like the dish as they did not use the normal sourdough bread.,1,0,0,0
the crunchy thin bread gives this dish a unique taste.,1,0,0,0
Sis has the smoked salmon and it is a little bit too salty.,-1,0,0,0
good choice for brunch as well as for breakfast,1,0,0,0
"Extensive menu, all day breakfast, open on public holiday, warm vibe from waiters.",1,0,1,1
"However, they were overstretched and not able to accommodate the busy client load.",0,0,-1,0
"They took awhile to allow us to seat, said they will attend to us you give menu but didn't until we asked 10 minutes later.",0,0,0,-1
"They did not get to us for ordering until asked, the waiter clearly could not remember our orders but asked confirmation.",0,0,0,-1
"The order still was incorrect when they served, and when I alerted to the incorrect order and sought clarification, the waitress did not return?",0,0,0,-1
"The food was nice, though can be improved.",1,0,0,0
The service is what let them down.,0,0,0,-1
"Please take the orders on paper, and do not get distracted when se serving a customer, should go miles for this promising cafe.",0,0,0,-1
It maybe just because of the extra clientele.,0,0,0,0
"Lovely little spot, but unfortunately, mediocre food.",-1,0,1,0
Got the Eggs Benedict with Smoke Salmon and it was rather disappointing.,-1,0,0,0
"The Bearnaise sauce was too sweet to go well with the salmon, and the toast was also burnt so the bitter after taste did not help.",-1,0,0,0
"I absolutely love the beautiful outdoor, escaping the city feel of this place.",0,0,1,0
You can sit in comfortable chairs in sun or shade surrounded by plants!,0,0,1,0
It has a diverse menu and there is nothing on it we have not enjoyed.,0,0,0,0
I particularly like the cinnamon porridge with rhubarb topper though.,1,0,0,0
Hope to make it back there to try out the cocktails soon.,0,0,0,0
Overall our favourite place for brunch in surry hills.,0,0,0,0
Nice outside seating area and really friendly service.,0,0,1,1
The bacon rolls are great too.,1,0,0,0
Great Vege brekkie!,1,0,0,0
Loved the spicy sauce that came with it and a huge serving.,1,0,0,0
Definitely hit the spot and the coffee was also on the money.,1,1,0,0
Nice outdoor setting which is great for a sunny day,0,0,1,0
Crown street is all over its self but Pieno is a rose within the hubub.,0,0,0,0
"you simply have to see the generosity of the breakfasts, the welcoming of the staff.",1,0,0,1
Came here on Saturday morning and it was completely full.,0,0,0,0
We had to wait a few minutes for a table.,0,0,0,0
The waiters were very warm and friendly.,0,0,0,1
"I ordered the avocado on toast, and my partner ordered the fruit with granola.",0,0,0,0
"The avocado on toast cost $16, which is heaps expensive because it was quite a simple dish you could find at other cafes for $8.",0,0,0,0
"Overall, food: okay, service: great, price: expensive.",1,-1,0,1
I probably will not be back for a while.,0,0,0,0
"Descent food, descent place, service is a bit intimidating but not bad.",1,0,1,0
Service is a bit intimidating.,0,0,0,-1
Service is not bad.,0,0,0,1
"Their quinoa soup and lamb salad are great , big portions too.",1,0,0,0
A bit overpriced.,0,-1,0,0
"the only thing i did not like is, one of their table is right in front of the toilet, which I think is not good as you do not want to smell the toilet while eating.",0,0,-1,0
"I have not eaten any food in here yet,but oh boy the coffee!!!!",1,0,0,0
After drinking their coffee last month at least once a week (twice in a day somedays :0 ) it is safe to say 'BEST COFFEE in SYDNEY'!,1,0,0,0
They use '5 Senses' Dark Horse blend which is to die for if you like that kick in your coffee.,1,0,0,0
Big breakfast was good.,1,0,0,0
The chutney was a perfect match and everything was flavoursome.,1,0,0,0
"One tiny gripe is that the sourdough bread has a big hole in the middle so we did not end up with much bread at all but otherwise, everything was delicious",1,0,0,0
"If you have been to The Winery, you must have walked pass this cafe.",0,0,0,0
That is how I first noticed.,0,0,0,0
"After having been to pretty much every other brunch spots on Crown Street, we decided to give this place a try.",0,0,0,0
"Menu did not strike me as very exciting, I settled on the chicken sandwich and a cup of skim latte.",0,0,0,0
It was a super simple sandwich with sad looking grilled veggies and chicken breast.,-1,0,0,0
It was so dry!,0,0,0,0
"Even with mayo, it was still very dry, coupled with average sandwich bread.",-1,0,0,0
It did not come across as cafe quality but something you and I could easily rustle up at home.,0,0,0,0
Coffee was ok but you could get ok coffee anywhere in Surry Hills.,1,0,0,0
"It was not a quite satisfying and impressive meal, I very much doubt there would be second time.",-1,0,0,0
Came here for coffee and something to eat!,0,0,0,0
I ordered the chargrilled chicken sandwich.,0,0,0,0
Unfortunately the chicken tasted bland and wasn't chargrilled at all...,-1,0,0,0
The bread and chicken together made the entire sandwich dry...,-1,0,0,0
It was lacking sauce and flavour.,-1,0,0,0
Was very disappointed with my experience here..,0,0,0,0
The service was quite poor as well.,0,0,0,-1
"The location however, is beautiful and has a very relaxing vibe to it.",0,0,1,0
Great coffee.,1,0,0,0
Good food.,1,0,0,0
Brilliant spot.,0,0,1,0
Terrible terrible terrible service.,0,0,0,-1
I guess the owners do not need to bother though considering the location.,0,0,0,0
There is a lot of this in Sydney.,0,0,0,0
Pieno is a Surry Hills institution.,0,0,0,0
It is always packed with beautiful people.,0,0,0,0
They do an all day breakfast which definitely caters to the locals.,0,0,0,0
The food is a little highly priced but beautiful.,1,-1,0,0
"The service is ok, they are not overly pushy which is nice.",0,0,0,1
It is a great place to go for a leisurely lunch and a glass or two of wine.,0,0,1,0
"We had 2 of the current specials, Eggs Benedict and Vodka flavored salad, and both meals were very tasty.",1,0,0,0
"Definitely worth going, if you can get a table.",0,0,0,0
I have always walked past this place and seen it packed.,0,0,0,0
I came on a fairly quiet hot day and enjoyed a chipotle chicken salad and banana smoothie outside.,1,0,1,0
Pleasant atmosphere and okay service.,0,0,1,1
Came for lunch at about 230 and there were only a few tables taken.,0,0,0,0
After not receiving any acknowledgment I went to the counter to ask about service and he asked us to order at the counter.,0,0,0,-1
I think it is usually table service.,0,0,0,0
Anyhow we only wanted something small and decided to share a burger.,0,0,0,0
Lucky we did as they were quite generous.,0,0,0,0
Besides the poor service the good was delicious.,1,0,0,-1
Went there for breakfast after taking a break from this place for a while.,0,0,0,0
It was disappointments after disappointments.,0,0,0,0
The coffees ordered came with the soy milk completely curdled; and temperature borderline boiling.,-1,0,0,0
After giving us a dodgy explanation for that we decided to order food.,0,0,0,0
I ordered Avocado and Coriander on toast from the menu.,0,0,0,0
What arrived was certainly avocado but  I could not find any substantial amount of coriander.,-1,0,0,0
The avocado had been covered with a disgusting thickened vinegar.,-1,0,0,0
It was simply disgusting.,0,0,0,0
What could have been a refreshing/delicate dish was actually something that should not leave the kitchen and be advertised on their menu.,0,0,0,0
My friend had the green eggs (omelette) that were overcooked and tasted like cardboard.,-1,0,0,0
"Overall, we gave it one last chance but it certainly did not raise to the occasion.",0,0,0,0
"With so many fantastic cafés in Surry Hills, this one is certainly one I would not recommend to anybody.",0,0,0,0
Haven't eaten here.,0,0,0,0
The cafe looks great with an abundance of outdoor seating.,0,0,1,0
I usually come for the coffee when I am in this part of Surry Hills.,0,0,0,0
They do fantastic coffee using 5 senses beans.,1,0,0,0
"First time here for breakfast, ordered extra hot coffee, came warm, ordered mushroom bruschetta, mushrooms were cold.",-1,0,0,0
"Almost like they had been pre cooked, stored in fridge, although there was steam coming from them, they were cold.",-1,0,0,0
"Husband had the big breakfast which was cold as well, sausage wasn't nice at all.",-1,0,0,0
Very disappointing.,0,0,0,0
Love it!.,0,0,0,0
"I love coming here! The staff are super friendly, the coffee is good and the breakfast is great!",1,0,0,1
Best part is you can sit out in the sun or sit hidden away down the side.,0,0,0,0
"I love the chicken sandwiches, they are fantastic!",1,0,0,0
Have been a regular at Cafe Pieno for 3 or so years but giving it a wide berth after last few visits.,0,0,0,0
"Food quality gone bad: frugal serves of salmon and poached eggs, and what is with the soft mash ""rosti"", and tomatoes not even roasted?",-1,0,0,0
"Badly chipped plates and coffee cups should be replaced but still in service, indifferent unfriendly service.",0,0,0,-1
Final straw was neither of the toilets were working today (in past were often not clean/tidy).,0,0,-1,0
There are much better places in Surry Hills for weekend brunch.,0,0,0,0